{"cameraMode":{"drawMode":0,"name":"Shaded","section":"Shading Mode"},"sceneLighting":false,"audioPlay":false,"sceneViewState":{"showFog":true,"showMaterialUpdate":false,"showSkybox":true,"showFlares":true,"showImageEffects":true,"showParticleSystems":true},"in2DMode":false,"pivot":{"x":237.89999389648438,"y":158.85000610351563,"z":0.0},"rotation":{"x":0.0049519301392138,"y":0.9892210364341736,"z":-0.1422385424375534,"w":0.03443977236747742},"size":624.5806884765625,"orthographic":false}